label,image
Antony,[ 37  26  28 ... 244 240 255]
Antony,[ 24  22  22 ... 122 114 125]
Antony,[ 37  21  98 ... 206 171 181]
Antony,[28 68 96 ...  0  1 11]
Antony,[ 49  49  55 ...  70  87 108]
Antony,[251 250 240 ...  24  19  21]
Dat,[24 14 30 ... 14  4  7]
Dat,[19 18 23 ...  9  4  6]
Dat,[19 17 30 ...  9  4  6]
Dat,[25 21 37 ...  8 10 11]
Dat,[14 11 25 ...  9  4  6]
Dat,[16 14 27 ... 12  3  6]
Dat,[19 17 25 ... 10  2  5]
Dat,[21 17 37 ...  9  6  8]
Dat,[22 18 28 ... 10  3  6]
Dat,[17 15 22 ... 15  6  9]
Dat,[ 57  54  61 ... 152 124  90]
Duong,[215 220 229 ... 122  96  82]
Duong,[237 241 246 ...  98  72  58]
Duong,[210 209 219 ...  37  40  61]
Duong,[177 177 177 ...  65  74  88]
Duong,[54 54 54 ... 74 57 44]
Duong,[223 228 237 ... 120  94  80]
Hao,[ 23  23  29 ...  87 106 139]
Hao,[ 26  25  27 ... 166 169 173]
Hao,[ 19  19  21 ... 170 171 175]
Hao,[ 34  36  37 ... 105 124 137]
Hao,[ 27  30  35 ... 136 152 189]
Hao,[178 196 197 ... 169 173 178]
Hao,[110 118 121 ...  54  70  83]
Hao,[  4   6   6 ...  87  99 126]
Hao,[ 33  32  34 ...  90 108 139]
Hao,[ 21  21  23 ... 188 188 194]
Hao,[ 15  15  21 ... 124 142 174]
Hao,[141 159 158 ... 129 148 183]
Hao,[185 200 202 ... 164 169 172]
Hao,[ 41  44  48 ... 170 173 178]
Hao,[ 70  80  80 ... 110 128 169]
Hao,[ 98  87  97 ... 145 144 164]
Hao,[ 77  68  79 ... 139 141 149]
Hao,[ 75  65  77 ... 125 133 141]
Hao,[ 70  63  68 ...  96 110 128]
Hao,[ 73  70  66 ...  92 109 119]
Hao,[ 85  77  78 ... 152 168 175]
Hao,[ 80  76  71 ... 151 157 168]
Hao,[ 78  72  73 ... 162 174 180]
Hao,[ 89  83  78 ... 131 150 146]
Hao,[ 75  67  77 ... 121 125 136]
Hao,[ 81  69  63 ... 122 135 138]
Hao,[ 78  66  64 ... 140 151 165]
Hao,[ 75  70  72 ... 149 164 166]
Hao,[ 83  76  76 ... 134 146 144]
Hao,[72 70 69 ... 59 69 78]
Hao,[78 73 75 ... 46 51 54]
Hao,[77 72 72 ... 63 74 82]
Hao,[ 74  74  68 ...  81  95 107]
Hao,[ 88  76  79 ...  82  91 104]
Hao,[ 96  91  88 ...  91 102 116]
Hao,[87 80 77 ... 56 67 94]
Hao,[76 69 66 ... 54 70 94]
Hao,[92 87 80 ... 63 70 97]
Hao,[ 77  70  73 ...  65  72 105]
Hao,[ 85  77  78 ...  62  73 101]
Hao,[82 73 70 ... 57 70 92]
Hao,[78 73 71 ... 56 72 98]
Hao,[ 91  82  79 ...  62  76 105]
Hao,[ 93  78  90 ...  69  79 103]
Hao,[ 93  91  90 ...  67  77 110]
Hao,[88 77 80 ... 69 82 98]
Hao,[74 65 68 ... 51 62 84]
Hao,[89 79 85 ... 54 65 79]
Hao,[ 88  84  83 ...  83  85 103]
Hao,[ 97  90  93 ...  93  99 113]
Hao,[87 79 79 ... 82 87 89]
Hao,[84 76 79 ... 65 75 63]
Hao,[71 68 63 ... 48 66 65]
Hao,[75 70 67 ... 76 76 85]
Hao,[86 84 84 ... 49 59 75]
Hao,[ 74  66  67 ...  87 115 139]
Hao,[ 82  74  85 ...  93 111 138]
Hao,[103  96 101 ...  94 109 135]
Hao,[134 128 130 ... 155 152 161]
Hao,[130 125 126 ... 155 152 161]
Hao,[129 128 132 ... 157 150 157]
Hao,[100  98 104 ... 153 153 159]
Hao,[106  99 104 ... 151 148 160]
Hao,[ 81  79  79 ...  64  73 100]
Hao,[ 91  82  92 ...  71  75 104]
HoangAnh,[128 125 127 ...  67  61 210]
HoangAnh,[126 123 125 ...  65  61 207]
HoangAnh,[ 56  52  54 ...  77  72 217]
HoangAnh,[ 81  77  79 ...  70  64 200]
HoangAnh,[ 61  56  58 ...  74  68 201]
HoangAnh,[ 33  30  32 ...  87  85 226]
HoangAnh,[120 117 119 ... 215 213 213]
HoangAnh,[ 74  71  73 ...  88  86 229]
HoangAnh,[129 126 128 ...  34  25  98]
HoangAnh,[128 125 127 ...  64  59 192]
HoangAnh,[128 125 127 ...  65  54 191]
HoangAnh,[129 126 128 ...  66  57 208]
HoangAnh,[122 119 121 ...  74  72 216]
HoangAnh,[128 126 128 ...  75  75 212]
HoangAnh,[128 125 127 ...  81  80 226]
HoangAnh,[129 126 128 ...  68  67 207]
HoangAnh,[129 126 128 ...  66  60 201]
HoangAnh,[130 127 129 ...  75  71 214]
HoangAnh,[130 127 129 ...  66  60 202]
HoangAnh,[130 127 129 ...  75  69 216]
HoangAnh,[126 123 125 ...  74  74 220]
HoangAnh,[131 128 129 ...  74  69 214]
HoangAnh,[108 116 129 ... 229 235 239]
HoangAnh,[64 74 84 ... 63 69 68]
HoangAnh,[ 74  84  92 ... 115 120 123]
HoangAnh,[ 93 102 115 ... 206 217 225]
HoangAnh,[72 79 91 ... 88 93 96]
HoangAnh,[ 94 103 116 ... 117 122 125]
HoangAnh,[177 188 196 ... 119 124 127]
HoangAnh,[116 125 138 ...  97 102 105]
HoangAnh,[ 96 105 118 ...  85  90  90]
HoangAnh,[122 131 144 ... 100 106 108]
HoangAnh,[112 120 133 ...  98 103 106]
HoangAnh,[101 110 123 ... 234 246 250]
HoangAnh,[127 136 149 ... 224 229 232]
HoangAnh,[ 97 106 119 ... 230 234 239]
HoangAnh,[114 123 132 ... 130 135 138]
HoangAnh,[114 123 136 ...  93  99  98]
HoangAnh,[119 128 141 ... 134 139 142]
LuanLee,[ 98  80  69 ...  87  88 146]
LuanLee,[ 47  33  35 ...  80  80 110]
LuanLee,[81 62 57 ... 47 44 59]
LuanLee,[144 138 133 ...  75  81 126]
LuanLee,[125 122 118 ...  71  71 119]
LuanLee,[ 61  52  55 ...  91  98 131]
LuanLee,[ 71  60  63 ... 104 123 158]
LuanLee,[112 104  81 ...  72  96 168]
LuanLee,[112  92  74 ...  72  86 144]
LuanLee,[ 74  60  61 ...  71  87 156]
LuanLee,[ 64  58  59 ...  66  78 144]
LuanLee,[ 39  33  34 ...  64  69 117]
LuanLee,[60 49 51 ... 36 31 58]
Messi,[32 29 44 ... 54 45 72]
Messi,[61 48 74 ... 25  9 16]
Messi,[  6  19  28 ... 132 164 191]
Messi,[23 35 37 ... 13 10 89]
Messi,[76 74 74 ... 94 55 19]
Messi,[ 11  13  13 ... 200 210 198]
Messi,[47 68 76 ...  7 10 15]
Messi,[69 81 91 ... 52 37 28]
Messi,[76 96 97 ... 31 42 86]
Messi,[ 50  32  51 ... 175 187 204]
Messi,[ 0  2  6 ... 23 20 15]
Ronaldo,[ 83  65  66 ... 105 142 194]
Ronaldo,[ 31  36  35 ...  67 108 147]
Ronaldo,[194 187 184 ... 105 126 178]
Ronaldo,[ 17  17  21 ... 133 157 203]
Ronaldo,[ 81  84  89 ...  66 171 126]
Ronaldo,[107  98  75 ... 114 118 106]
Ronaldo,[181 199 216 ...  31  24 239]
Ronaldo,[ 13  12  14 ... 201 185 179]
Ronaldo,[ 0  2  3 ... 40 26 20]
Thang,[ 64  61  62 ... 178 183 181]
Thang,[ 68  66  65 ... 185 182 184]
Thang,[ 69  67  67 ... 185 184 180]
Thang,[ 69  67  66 ... 183 182 183]
Thang,[ 70  67  69 ... 180 181 181]
